<?xml version="1.0" encoding="UTF-8"?>
<!DOCTYPE mapper PUBLIC "-//mybatis.org//DTD Mapper 3.0//EN" 
	"http://mybatis.org/dtd/mybatis-3-mapper.dtd">
	
<mapper namespace="com.ssafy.enjoytrip.board.mapper.BoardMapper">

	<resultMap type="boardDto" id="board">
		<result column="board_no" property="boardNo" />
		<result column="user_no" property="userNo" />
		<result column="name" property="userName" />
		<result column="article_no" property="articleNo" />
		<result column="board_type" property="boardType" />
		<result column="subject" property="subject" />
		<result column="content" property="content" />
		<result column="createtime" property="createTime" />
	</resultMap>
	
	<resultMap type="boardCommentDto" id="boardComment">
		<result column="comment_no" property="commentNo" />
		<result column="board_no" property="boardNo" />
		<result column="content" property="content" />
		<result column="name" property="userName" />
		<result column="createtime" property="createTime" />
		<result column="user_no" property="userNo" />
	</resultMap>

	<resultMap type="boardLikeDto" id="boardLike">
		<result column="like_no" property="likeNo" />
		<result column="user_no" property="userNo" />
		<result column="board_no" property="boardNo" />
		<result column="like_time" property="likeTime" />
	</resultMap>
	
	<insert id="writeArticle" parameterType="boardDto">
		insert into board (user_no, article_no, board_type, subject, content, createtime)
		values (#{userNo}, #{articleNo}, #{boardType}, #{subject}, #{content}, now())
	</insert>
	
	<select id="listArticle" parameterType="map" resultMap="board">
		SELECT b.board_no, b.user_no, u.name, b.subject, b.content,
			(
			  CASE WHEN DATE_FORMAT(b.createtime, '%Y%m%d') = DATE_FORMAT(NOW(), '%Y%m%d')
			  THEN DATE_FORMAT(b.createtime, '%H:%i:%s')
			  ELSE DATE_FORMAT(b.createtime, '%y.%m.%d')
			  END
			) AS createtime
		from board b join user u
		using (user_no)
		WHERE
		<if test="word != null and word != ''">
			<if test="key == 'subject'">
				b.subject like concat('%', #{word}, '%')
			</if>
			<if test="key != 'subject'">
				${key} = #{word}
			</if>
			and
		</if>
		b.board_type = #{boardType}
		order by b.board_no desc
		limit #{start}, #{spp}
	</select>
	
	<select id="getTotalCount" parameterType="map" resultType="int">
		select count(board_no)
		from board
		<if test="word != null and word != ''">
			<if test="key == 'subject'">
				where subject like concat('%', #{word}, '%')
			</if>
			<if test="key != 'subject'">
				where ${key} = #{word}
			</if>
		</if>
	</select>
	
	<select id="getArticle" parameterType="int" resultMap="board">
		select b.board_no, b.user_no, u.name, b.subject, b.content, b.createtime
		from board b join user u
		on b.user_no = u.user_no
		where b.board_no = #{boardNo}
	</select>
	
	<update id="modifyArticle" parameterType="boardDto">
		update board
		set subject = #{subject}, content = #{content}
		where board_no = #{boardNo}
	</update>
		
	<delete id="deleteArticle" parameterType="int">
		delete from board
		where board_no = #{boardNo}
	</delete>

	<!-- 게시물 댓글 -->
	<insert id="writeComment" parameterType="boardCommentDto">
		insert into board_comment (board_no, content, createtime, user_no)
		values (#{boardNo}, #{content}, now(), #{userNo})
	</insert>
	
	<select id="listComment" parameterType="int" resultMap="boardComment">
		SELECT u.name, b.content, b.user_no, b.comment_no
		from board_comment b join user u
		using (user_no)
		where board_no = #{boardNo}
		order by b.comment_no desc
	</select>
	
	<delete id="deleteComment" parameterType="int">
		delete from board_comment
		where comment_no = #{commentNo}
	</delete>

	<!-- 게시물 좋아요 -->
	<select id="getLikeList" parameterType="int"
		resultMap="boardLike">
		select *
		from board_like
		where board_no = #{boardNo}
	</select>

	<insert id="likeBoard" parameterType="boardLikeDto">
		insert into
		board_like (user_no, board_no, like_time)
		values
		(#{userNo}, #{boardNo}, now())
	</insert>
	
	<select id="getLikeCount" parameterType="int" resultType="int">
		select count(board_no)
		from board_like
		where board_no = #{boardNo}
	</select>

</mapper>

