<?xml version="1.0" encoding="UTF-8"?>
<!DOCTYPE mapper PUBLIC "-//mybatis.org//DTD Mapper 3.0//EN" 
	"http://mybatis.org/dtd/mybatis-3-mapper.dtd">

<mapper namespace="com.ssafy.enjoytrip.user.mapper.UserMapper">

	<resultMap type="userDto" id="user">
		<result column="user_no" property="userNo" />
		<result column="id" property="id" />
		<result column="name" property="name" />
		<result column="password" property="password" />
		<result column="email" property="email" />
		<result column="loc_no" property="locNo" />
		<result column="age" property="age" />
		<result column="gender" property="gender" />
		<result column="join_date" property="joinDate" />
	</resultMap>

	<select id="idCheck" parameterType="String" resultType="int">
		SELECT count(id)
		FROM user
		WHERE id = #{id}
	</select>

	<select id="loginUser" parameterType="map" resultMap="user">
		SELECT *
		FROM user
		WHERE id = #{id} AND password = #{password}
	</select>

	<insert id="joinUser" parameterType="userDto">
		INSERT INTO user
		(id, name, password, email, loc_no, age, gender, join_date)
		VALUES
		(#{id}, #{name}, #{password}, #{email}, #{locNo}, #{age}, #{gender}, now())
	</insert>
	
	<update id="modifyUser" parameterType="userDto">
		update user
		set password = #{password}, email = #{email}, loc_no = #{locNo}, age = #{age}, gender = #{gender}
		where id = #{id}
	</update>
	
	<update id="deleteUser" parameterType="int">
		update user
		set name="", password = "", email = "", loc_no=1001, age = 0, gender = ''
		where user_no = #{userNo}
	</update>
	
	<select id="findById" parameterType="map" resultMap="user">
		SELECT id
		FROM user
		WHERE name = #{name} AND email = #{email}
	</select>
	
	<select id="findByPw" parameterType="map" resultMap="user">
		SELECT password
		FROM user
		WHERE id = #{id} AND name = #{name} AND email = #{email}
	</select>
</mapper>